{
    "hardBot": {
        "genes": [
            0.8880356550216675,
            0.7415178418159485,
            0.6451162099838257,
            0.09246566891670227,
            0.014315269887447358,
            0.40376052260398867,
            0.1699317842721939,
            0.09859389811754227,
            1.0,
            0.0,
            0.8338350653648377,
            0.5384561419487,
            0.49895790219306948,
            0.0,
            0.6565186977386475,
            1.0,
            0.3507075607776642,
            0.5810942649841309,
            0.6196869015693665,
            0.563347578048706,
            0.7024955153465271,
            0.08012053370475769,
            0.6238722205162048,
            0.15839676558971406,
            1.0,
            1.0,
            0.7501537203788757,
            0.19225376844406129,
            0.0,
            0.5235528945922852,
            1.0,
            0.7752736210823059,
            0.13233274221420289,
            0.0,
            0.564395010471344,
            0.610321581363678,
            0.0
        ],
        "fitness": 37302.7421875
    },
    "babylonBot": {
        "genes": [
            1.0,
            0.7415178418159485,
            0.5867712497711182,
            0.0105405542999506,
            0.026506593450903894,
            0.4047708511352539,
            0.10891391336917877,
            0.0,
            1.0,
            0.030364492908120157,
            0.7315341830253601,
            0.34623780846595766,
            0.4458172023296356,
            0.10871799290180206,
            0.6561174392700195,
            0.8598494529724121,
            0.5639777779579163,
            0.4276468753814697,
            0.5512104630470276,
            0.5477215051651001,
            0.36702749133110049,
            0.20000125467777253,
            0.5943512320518494,
            0.09368517249822617,
            1.0,
            1.0,
            0.27476945519447329,
            0.127533957362175,
            0.09255237877368927,
            0.5435740351676941,
            1.0,
            0.8192888498306274,
            0.904187798500061,
            0.10537683963775635,
            0.9540872573852539,
            0.9601684212684631,
            0.08191359043121338
        ],
        "fitness": 41661.94921875
    },
    "nileBot": {
        "genes": [
            0.06875117123126984,
            1.0,
            1.0,
            0.0,
            0.0008927263552322984,
            0.7507719993591309,
            0.9836139678955078,
            0.36264827847480776,
            1.0,
            0.0,
            0.8280231952667236,
            0.9438086152076721,
            0.8288038969039917,
            0.9847267866134644,
            1.0,
            1.0,
            0.7416632175445557,
            0.7515262961387634,
            0.744077205657959,
            0.07357677072286606,
            1.0,
            0.004867219366133213,
            0.7429232597351074,
            0.15839676558971406,
            1.0,
            1.0,
            0.7792970538139343,
            0.23249593377113343,
            0.0,
            0.5271974802017212,
            0.7438015937805176,
            0.813621461391449,
            0.39154064655303957,
            0.30507439374923708,
            0.9780864119529724,
            0.5194360017776489,
            0.0
        ],
        "fitness": 33527.68359375
    },
    "summonerBot": {
        "genes": [
            0.25099611282348635,
            0.5855505466461182,
            0.9631244540214539,
            0.48030123114585879,
            0.9654181003570557,
            0.3775259554386139,
            0.5778294205665588,
            0.8049022555351257,
            0.4660092890262604,
            0.30846595764160159,
            0.6091061234474182,
            0.3745192587375641,
            0.26812973618507388,
            0.8724492788314819,
            0.256811261177063,
            0.9808164238929749,
            0.07237265259027481,
            0.4230538010597229,
            0.9429387450218201,
            0.06748069822788239,
            0.24046427011489869,
            0.46027153730392458,
            0.8898400068283081,
            0.4395950734615326,
            0.8586720824241638,
            0.13078297674655915,
            0.21550506353378297,
            0.3796212375164032,
            0.4991939067840576,
            0.793846070766449,
            0.36578744649887087,
            0.31852617859840395,
            0.05821898952126503,
            0.8838379383087158,
            0.37191107869148257,
            0.012860686518251896,
            0.8171509504318237
        ],
        "fitness": 22821.857421875
    },
    "resilientBot": {
        "genes": [
            0.33726704120635989,
            0.6242892742156982,
            0.671851634979248,
            0.7453969717025757,
            0.3033713102340698,
            0.3420318365097046,
            0.43632832169532778,
            0.9756771326065064,
            0.5984013676643372,
            0.13082073628902436,
            0.8208223581314087,
            0.08332110196352005,
            0.18259207904338838,
            0.6701676845550537,
            0.9983118176460266,
            0.7684232592582703,
            0.004793164785951376,
            0.7764670252799988,
            0.9880008697509766,
            0.9673344492912293,
            0.8597861528396606,
            0.18497741222381593,
            0.08271294087171555,
            0.3352788984775543,
            0.8324623107910156,
            0.18627911806106568,
            0.9250612854957581,
            0.12221694737672806,
            0.30353397130966189,
            0.04993092641234398,
            0.34711921215057375,
            0.033820588141679767,
            0.8302276730537415,
            0.5934033393859863,
            0.8637763261795044,
            0.7826247215270996,
            0.4066902995109558
        ],
        "fitness": 22399.322265625
    }
}