{
    "hardBot": {
        "genes": [
            0.20339937508106233,
            0.982842206954956,
            0.7257259488105774,
            0.17902670800685883,
            0.29987969994544985,
            0.24567542970180512,
            0.17892400920391084,
            0.583734393119812,
            0.7030823826789856,
            0.9146764278411865,
            0.8558272123336792,
            0.01013247948139906,
            0.6543355584144592,
            0.25052472949028017,
            0.45692798495292666,
            0.6404374837875366,
            0.8267500400543213,
            0.7457394003868103,
            0.933995246887207,
            0.7584547400474548,
            0.4570463001728058,
            0.6356167793273926,
            0.26302382349967959,
            0.8969099521636963,
            0.9943042397499085,
            0.0,
            0.8122171759605408,
            0.7428122758865356,
            0.574429988861084,
            0.19167493283748628,
            0.042921680957078937,
            0.905418872833252,
            0.9049711227416992,
            0.2213435173034668,
            0.33191412687301638,
            0.8806792497634888,
            0.2574956715106964
        ],
        "fitness": 10.0
    },
    "babylonBot": {
        "genes": [
            0.20339937508106233,
            0.982842206954956,
            0.7257259488105774,
            0.17902670800685883,
            0.29987969994544985,
            0.24567542970180512,
            0.17892400920391084,
            0.583734393119812,
            0.7030823826789856,
            0.9146764278411865,
            0.8558272123336792,
            0.01013247948139906,
            0.6543355584144592,
            0.25052472949028017,
            0.45692798495292666,
            0.6404374837875366,
            0.8267500400543213,
            0.7457394003868103,
            0.933995246887207,
            0.7584547400474548,
            0.4570463001728058,
            0.6356167793273926,
            0.26302382349967959,
            0.8969099521636963,
            0.9943042397499085,
            0.0,
            0.8122171759605408,
            0.7428122758865356,
            0.574429988861084,
            0.19167493283748628,
            0.042921680957078937,
            0.905418872833252,
            0.9049711227416992,
            0.2213435173034668,
            0.33191412687301638,
            0.8806792497634888,
            0.2574956715106964
        ],
        "fitness": 10.0
    },
    "nileBot": {
        "genes": [
            0.18562644720077516,
            0.736137866973877,
            0.5284855365753174,
            0.953996479511261,
            0.8753190040588379,
            0.30474159121513369,
            0.9462723135948181,
            0.7886514663696289,
            0.8013855218887329,
            0.970999538898468,
            0.1623055785894394,
            0.010524855926632882,
            0.15294896066188813,
            0.7174575924873352,
            0.5326091051101685,
            0.21013851463794709,
            0.5067927241325378,
            0.8210445642471314,
            0.583812952041626,
            0.4348721504211426,
            0.6628183126449585,
            0.6031286716461182,
            0.7283544540405273,
            0.4281432628631592,
            0.5725897550582886,
            0.3183656632900238,
            0.1242460235953331,
            0.40479210019111636,
            0.9844112992286682,
            0.10169681906700134,
            0.08950188755989075,
            0.9784876108169556,
            0.1625829041004181,
            0.38628458976745608,
            0.1065397560596466,
            0.6732626557350159,
            0.5311610102653503
        ],
        "fitness": 0.0
    },
    "aggressorBot": {
        "genes": [
            0.20339937508106233,
            0.982842206954956,
            0.7257259488105774,
            0.17902670800685883,
            0.29987969994544985,
            0.24567542970180512,
            0.17892400920391084,
            0.583734393119812,
            0.7030823826789856,
            0.9146764278411865,
            0.8558272123336792,
            0.01013247948139906,
            0.6543355584144592,
            0.25052472949028017,
            0.45692798495292666,
            0.6404374837875366,
            0.8267500400543213,
            0.7457394003868103,
            0.933995246887207,
            0.7584547400474548,
            0.4570463001728058,
            0.6356167793273926,
            0.26302382349967959,
            0.8969099521636963,
            0.9943042397499085,
            0.0,
            0.8122171759605408,
            0.7428122758865356,
            0.574429988861084,
            0.19167493283748628,
            0.042921680957078937,
            0.905418872833252,
            0.9049711227416992,
            0.2213435173034668,
            0.33191412687301638,
            0.8806792497634888,
            0.2574956715106964
        ],
        "fitness": 10.0
    },
    "resilientBot": {
        "genes": [
            0.42073196172714236,
            0.9377255439758301,
            0.17160175740718842,
            0.7731113433837891,
            0.9785158038139343,
            0.8219922780990601,
            0.9841931462287903,
            0.7137553095817566,
            0.4466145932674408,
            0.20105823874473573,
            0.8034635782241821,
            0.09012117981910706,
            0.6597535014152527,
            0.3114369511604309,
            0.5551836490631104,
            0.682577908039093,
            0.5353134870529175,
            0.25861895084381106,
            0.3948834240436554,
            0.7198183536529541,
            0.5944533348083496,
            0.4867366850376129,
            0.9198974370956421,
            0.7145554423332214,
            0.1374945491552353,
            0.009304403327405453,
            0.5630558133125305,
            0.15568223595619203,
            0.665640115737915,
            0.6343974471092224,
            0.6082023978233337,
            0.03417279198765755,
            0.898446261882782,
            0.3829417824745178,
            0.40601807832717898,
            0.6502124667167664,
            0.1297210156917572
        ],
        "fitness": 10.0
    }
}