{
    "easyBot": {
        "genes": [
            0.7082077264785767,
            0.18008321523666383,
            0.5073168873786926,
            0.47989240288734438,
            0.7497431635856628,
            0.7466355562210083,
            0.3072248697280884,
            0.9831216931343079
        ],
        "fitness": 82.0
    },
    "mediumBot": {
        "genes": [
            0.48675796389579775,
            0.10037167370319367,
            0.31275954842567446,
            0.6040154695510864,
            0.6517294049263,
            0.8011040687561035,
            0.4722389578819275,
            0.07010175287723541
        ],
        "fitness": 80.0
    },
    "hardBot": {
        "genes": [
            0.4146285653114319,
            0.23162320256233216,
            0.43658262491226199,
            0.6280907988548279,
            0.8544973134994507,
            0.49822330474853518,
            0.2850518822669983,
            0.08245056122541428
        ],
        "fitness": 80.0
    }
}