{
    "hardBot": {
        "genes": [
            0.2558274269104004,
            0.926966667175293,
            0.7597184777259827,
            0.5947083830833435,
            0.9206287860870361,
            1.0,
            0.38098475337028506,
            0.5196375250816345,
            0.5034586787223816,
            0.0512455590069294,
            0.8735562562942505,
            0.5055606365203857,
            0.06135980412364006,
            0.974595844745636,
            0.22764545679092408,
            0.21947813034057618,
            0.9933664202690125,
            0.9639790654182434,
            0.3189426064491272,
            0.09871570765972138,
            0.2443673312664032,
            0.934138834476471,
            0.9436246752738953,
            0.09504304826259613,
            0.9739136099815369,
            0.010595840401947499,
            0.7706642150878906,
            0.0,
            0.26127028465270998,
            0.06763235479593277,
            0.8847277760505676,
            0.2760578989982605,
            0.9226288795471191,
            0.7949306964874268,
            0.3006068170070648,
            0.6229459047317505,
            0.2197851538658142
        ],
        "fitness": 2688.0
    },
    "babylonBot": {
        "genes": [
            0.11875566095113754,
            0.8854799270629883,
            0.5364698767662048,
            0.9444056153297424,
            0.0213200394064188,
            0.9650548696517944,
            0.6521565914154053,
            0.40780875086784365,
            0.8497313261032105,
            0.1354670375585556,
            0.6534802913665772,
            0.39111635088920596,
            0.10757072269916535,
            0.8307183980941773,
            0.7356446981430054,
            0.12226711213588715,
            0.9859048128128052,
            1.0,
            0.3153567612171173,
            0.23340485990047456,
            0.2443673312664032,
            0.9855907559394836,
            0.9436246752738953,
            0.17508988082408906,
            0.9739136099815369,
            0.15870143473148347,
            0.6317936182022095,
            0.0,
            0.5528807640075684,
            0.2788088321685791,
            0.8847277760505676,
            0.4086447060108185,
            0.34836187958717348,
            0.808387041091919,
            0.35960522294044497,
            0.6306631565093994,
            0.37300947308540347
        ],
        "fitness": 2382.0
    },
    "nileBot": {
        "genes": [
            0.31686317920684817,
            0.7359859943389893,
            0.7885202169418335,
            0.5315976142883301,
            1.0,
            0.8997865319252014,
            0.33079200983047488,
            0.17347288131713868,
            0.7954925298690796,
            0.1354670375585556,
            0.5230521559715271,
            0.39111635088920596,
            0.0,
            0.8190839886665344,
            0.41513827443122866,
            0.3196662664413452,
            0.9644530415534973,
            0.902839720249176,
            0.4166792333126068,
            0.23340485990047456,
            0.42001277208328249,
            0.9274417757987976,
            1.0,
            0.0,
            0.6605801582336426,
            0.1566685140132904,
            0.4269818067550659,
            0.07520797103643418,
            0.0,
            0.4321800172328949,
            0.9841005802154541,
            0.5608699917793274,
            1.0,
            0.6133530139923096,
            0.8286533951759338,
            0.6306631565093994,
            0.2802582383155823
        ],
        "fitness": 2396.0
    },
    "summonerBot": {
        "genes": [
            0.13234376907348634,
            0.5673282146453857,
            0.3386920988559723,
            0.45449206233024599,
            0.7479107975959778,
            0.9591750502586365,
            0.8596708178520203,
            0.5493494868278503,
            0.7881752848625183,
            0.20424208045005799,
            1.0,
            0.5398712158203125,
            1.0,
            0.5161060690879822,
            0.9644663333892822,
            0.25778329372406008,
            0.848481297492981,
            0.17775075137615205,
            0.6789031028747559,
            0.11531027406454086,
            0.5413169860839844,
            0.5039594173431397,
            0.40186819434165957,
            0.1714543253183365,
            0.696379542350769,
            0.0,
            0.7739313244819641,
            0.0,
            0.037542201578617099,
            0.20748063921928407,
            0.8452033400535584,
            0.0,
            0.08746316283941269,
            1.0,
            1.0,
            0.8241329193115234,
            0.5408027768135071
        ],
        "fitness": 868.0
    },
    "resilientBot": {
        "genes": [
            0.10118219256401062,
            0.9602561593055725,
            0.5697124600410461,
            0.552192211151123,
            1.0,
            1.0,
            1.0,
            0.34637507796287539,
            0.3532886505126953,
            0.0,
            1.0,
            1.0,
            0.2695484459400177,
            0.8507971167564392,
            0.49291089177131655,
            0.2578657269477844,
            0.3672877550125122,
            0.9125216603279114,
            0.2501658499240875,
            0.12768426537513734,
            0.18883998692035676,
            0.8223000168800354,
            0.8229171633720398,
            0.0,
            0.6297964453697205,
            0.13694143295288087,
            0.4332170784473419,
            0.0,
            0.10726741701364517,
            0.3584353029727936,
            0.7777900695800781,
            0.2760578989982605,
            0.34836187958717348,
            0.02903779223561287,
            0.9912968873977661,
            0.5700522661209106,
            0.2795126736164093
        ],
        "fitness": 1206.0
    }
}