{
    "easyBot": {
        "genes": [
            0.38162991404533389,
            0.14370332658290864,
            0.39652758836746218,
            0.09897121042013169,
            0.004624291323125362,
            0.3122597932815552,
            0.6746586561203003,
            0.19587628543376923,
            0.6350196003913879,
            0.49855542182922366,
            0.0,
            0.29065126180648806,
            0.2898547947406769,
            0.604677140712738,
            0.43176770210266116,
            0.553189218044281,
            0.05845649167895317,
            0.7291606068611145,
            0.13716736435890199,
            0.6685874462127686,
            0.3906419277191162,
            0.8633500933647156,
            0.986798882484436,
            0.8409548401832581,
            0.7328656315803528,
            0.703376293182373,
            0.31257522106170657,
            0.0,
            0.0,
            0.1527370810508728,
            0.26610779762268069,
            0.1943909376859665
        ],
        "fitness": 50.0
    },
    "mediumBot": {
        "genes": [
            0.31472861766815188,
            0.1351586878299713,
            0.5770760774612427,
            0.13775724172592164,
            0.004624291323125362,
            0.3122597932815552,
            0.6261855363845825,
            0.4653022289276123,
            0.5340961217880249,
            0.11049851775169373,
            0.846122145652771,
            0.16690848767757417,
            0.6896272301673889,
            0.8208907246589661,
            0.34438279271125796,
            0.770491898059845,
            0.0,
            0.6927754878997803,
            0.44371047616004946,
            0.9534517526626587,
            0.4475151002407074,
            0.5173889994621277,
            1.0,
            0.691522479057312,
            0.8630342483520508,
            0.703376293182373,
            0.10834208875894547,
            0.1256597638130188,
            0.0,
            0.28691011667251589,
            0.864030122756958,
            0.1943909376859665
        ],
        "fitness": 40.0
    },
    "hardBot": {
        "genes": [
            0.31472861766815188,
            0.8440598249435425,
            0.08823458850383759,
            0.0,
            0.3221328854560852,
            0.3122597932815552,
            0.6415404677391052,
            0.6127040386199951,
            0.4840884804725647,
            0.5092165470123291,
            0.30787286162376406,
            0.38584598898887637,
            0.1839609295129776,
            0.8255866765975952,
            0.08839040249586106,
            0.01568572409451008,
            0.218119814991951,
            0.7907507419586182,
            0.3825368583202362,
            0.7980980277061462,
            0.5083476901054382,
            0.666843056678772,
            0.639587938785553,
            0.1400071233510971,
            0.9971986413002014,
            0.3891161382198334,
            0.41153213381767275,
            0.20485909283161164,
            0.0,
            0.001988035161048174,
            0.996842086315155,
            0.23844799399375916
        ],
        "fitness": 50.0
    }
}