{
    "hardBot": {
        "genes": [
            0.29844534397125246,
            0.7414977550506592,
            0.21109728515148164,
            0.20630186796188355,
            0.0070602912455797199,
            0.7201282382011414,
            0.6807196736335754,
            0.7900890111923218,
            0.7569471001625061,
            0.13521207869052888,
            0.2710781395435333,
            0.3970947265625,
            0.07868027687072754,
            0.6697590947151184,
            0.9590568542480469,
            0.7672342658042908,
            0.8097429871559143,
            0.16186022758483888,
            0.16465552151203156,
            0.062055785208940509,
            0.046514250338077548,
            0.3037511706352234,
            0.11172925680875778,
            0.16586297750473023,
            1.0,
            0.153397798538208,
            0.27115416526794436,
            0.13475579023361207,
            0.0899563804268837,
            0.2426161915063858,
            0.8240429162979126,
            0.9543341994285584,
            0.8912495970726013,
            0.060717225074768069,
            0.9399023056030273,
            0.04135052114725113,
            0.12891758978366853
        ],
        "fitness": 21232.765625
    },
    "babylonBot": {
        "genes": [
            0.29844534397125246,
            0.9206264615058899,
            0.18890340626239777,
            0.13848984241485597,
            0.05942497029900551,
            0.9386448860168457,
            0.8395876288414002,
            0.3476414680480957,
            0.6456713080406189,
            0.10106810182332993,
            0.16096343100070954,
            0.5352267026901245,
            0.07868027687072754,
            0.6155080199241638,
            0.9755920767784119,
            0.3349872827529907,
            0.8044098019599915,
            0.2732882797718048,
            0.10526593029499054,
            0.0,
            0.04972264915704727,
            0.03678607568144798,
            0.041715312749147418,
            0.05386580899357796,
            1.0,
            0.03913589194417,
            0.2099275290966034,
            0.2840428948402405,
            0.05445398762822151,
            0.9368407726287842,
            0.6913623809814453,
            0.9872198104858398,
            1.0,
            0.1551951766014099,
            1.0,
            0.18097759783267976,
            0.1503925770521164
        ],
        "fitness": 13812.3544921875
    },
    "nileBot": {
        "genes": [
            0.10811964422464371,
            0.8863250017166138,
            1.0,
            0.0,
            0.25818759202957156,
            0.8981442451477051,
            0.8368838429450989,
            0.27380549907684328,
            1.0,
            0.0,
            0.9957150220870972,
            0.19047541916370393,
            0.06132287532091141,
            1.0,
            1.0,
            1.0,
            0.3456934988498688,
            0.991381824016571,
            0.07067444175481796,
            0.2169819176197052,
            1.0,
            0.0,
            0.7385730743408203,
            0.012811543419957161,
            1.0,
            0.0,
            0.8242091536521912,
            0.0,
            0.3127351999282837,
            0.624021053314209,
            0.1017894297838211,
            0.5760170817375183,
            1.0,
            0.3053346872329712,
            1.0,
            0.019180361181497575,
            0.215183824300766
        ],
        "fitness": 13575.0126953125
    },
    "summonerBot": {
        "genes": [
            0.851591169834137,
            1.0,
            0.32097670435905459,
            0.24017198383808137,
            1.0,
            1.0,
            1.0,
            0.2713133990764618,
            0.8460147976875305,
            0.0,
            1.0,
            1.0,
            0.4531000852584839,
            1.0,
            1.0,
            0.35121703147888186,
            0.939712643623352,
            1.0,
            0.0,
            0.14197219908237458,
            0.06697383522987366,
            0.49697592854499819,
            0.1803617924451828,
            0.12390060722827912,
            0.6783789992332459,
            0.0,
            0.8842011094093323,
            0.0,
            0.3254668712615967,
            1.0,
            0.8539459705352783,
            0.9699796438217163,
            1.0,
            0.02686619572341442,
            0.952584445476532,
            0.07565751671791077,
            0.04711728170514107
        ],
        "fitness": 11177.822265625
    },
    "resilientBot": {
        "genes": [
            0.28061971068382265,
            0.9320517182350159,
            0.24149452149868012,
            0.2587352693080902,
            0.08117590099573136,
            0.7912725210189819,
            0.8385733366012573,
            0.30342188477516177,
            0.8512809872627258,
            0.16875137388706208,
            0.45614907145500185,
            0.4237276315689087,
            0.04108790308237076,
            0.697928249835968,
            0.9755920767784119,
            0.35121703147888186,
            0.939712643623352,
            1.0,
            0.0,
            0.14197219908237458,
            0.06697383522987366,
            0.4329167306423187,
            0.1437525600194931,
            0.16239385306835175,
            1.0,
            0.1884978860616684,
            0.42297279834747317,
            0.19138091802597047,
            0.1868288666009903,
            0.6273468732833862,
            0.7817040085792542,
            1.0,
            0.9457406997680664,
            0.15565015375614167,
            0.9399023056030273,
            0.06271632015705109,
            0.20573818683624268
        ],
        "fitness": 12319.689453125
    }
}