{
    "hardBot": {
        "genes": [
            0.9371584057807922,
            0.584384560585022,
            0.0,
            0.6521620154380798,
            0.04357423633337021,
            0.01879633218050003,
            0.3191662132740021,
            1.0,
            0.6539797782897949,
            0.47714483737945559,
            0.5061926245689392,
            0.36578410863876345,
            0.07589591294527054,
            0.0,
            0.0,
            0.23925751447677613,
            0.2783910036087036,
            1.0,
            0.1992720365524292,
            0.23363135755062104,
            0.2222956120967865,
            0.3679827153682709,
            0.11350490897893906,
            0.8082739114761353,
            0.9005753993988037,
            0.424270898103714,
            0.1075998842716217,
            0.4953877031803131,
            0.0,
            0.6306554675102234,
            0.15158994495868684,
            0.6238736510276794,
            1.0,
            0.3406846821308136,
            0.8245017528533936,
            0.11434022337198258,
            0.0
        ],
        "fitness": 2570.0
    },
    "babylonBot": {
        "genes": [
            0.6658589243888855,
            0.5768697261810303,
            0.0,
            0.7854609489440918,
            0.04357423633337021,
            0.0,
            0.5842650532722473,
            0.8493614792823792,
            0.4379133880138397,
            0.16244471073150636,
            0.4006083905696869,
            0.37426260113716128,
            0.15598350763320924,
            0.10332716256380081,
            0.34696125984191897,
            0.0,
            0.5915381908416748,
            1.0,
            0.6024119257926941,
            0.5921631455421448,
            0.19741667807102204,
            0.2010519653558731,
            0.3029016852378845,
            0.6176237463951111,
            0.9005753993988037,
            0.424270898103714,
            0.1075998842716217,
            0.4953877031803131,
            0.0468616709113121,
            0.6306554675102234,
            0.31503748893737795,
            0.6238736510276794,
            0.8442602157592773,
            0.010943597182631493,
            0.8270740509033203,
            0.0,
            0.1820509433746338
        ],
        "fitness": 2506.0
    },
    "nileBot": {
        "genes": [
            1.0,
            0.5485735535621643,
            0.011916532181203366,
            0.7854609489440918,
            0.0,
            0.0,
            0.6732453107833862,
            1.0,
            0.41833409667015078,
            0.556929886341095,
            0.5061926245689392,
            0.3656042218208313,
            0.07589591294527054,
            0.0,
            0.0,
            0.23925751447677613,
            0.19133594632148744,
            0.9848616719245911,
            0.1992720365524292,
            0.23363135755062104,
            0.32190418243408205,
            0.1578918695449829,
            0.1166360005736351,
            0.4474174678325653,
            0.9005753993988037,
            0.45774543285369875,
            0.0,
            0.0,
            0.0,
            0.6306554675102234,
            0.847672164440155,
            0.6238736510276794,
            0.5019975900650024,
            0.0,
            0.7015838027000427,
            0.06297672539949417,
            0.173950657248497
        ],
        "fitness": 2328.0
    },
    "summonerBot": {
        "genes": [
            1.0,
            0.0,
            0.28237318992614748,
            0.8019040822982788,
            0.2622317373752594,
            0.0,
            0.1765892654657364,
            0.6203510165214539,
            0.29449549317359927,
            1.0,
            0.7797045111656189,
            0.0,
            0.06716972589492798,
            1.0,
            0.3448891341686249,
            0.4998798370361328,
            0.35450097918510439,
            0.7902250289916992,
            0.0,
            0.5861391425132752,
            0.7423419952392578,
            0.5827213525772095,
            0.885604202747345,
            0.6987022161483765,
            0.9932004809379578,
            0.10058724135160446,
            0.0,
            0.8698949217796326,
            0.16273050010204316,
            0.5422624349594116,
            0.06139329448342323,
            0.12234272062778473,
            0.3986598253250122,
            0.0849422812461853,
            0.720225989818573,
            0.5653180480003357,
            0.3738642930984497
        ],
        "fitness": 908.0
    },
    "resilientBot": {
        "genes": [
            1.0,
            0.5768697261810303,
            0.0,
            0.5754693150520325,
            0.04357423633337021,
            0.01879633218050003,
            0.5749783515930176,
            0.0,
            0.4383622109889984,
            0.3826281726360321,
            0.7500211596488953,
            0.0,
            0.06716972589492798,
            0.1855526715517044,
            0.05531873553991318,
            0.3630410134792328,
            0.0861797034740448,
            0.983262300491333,
            0.1662934571504593,
            0.43893131613731387,
            0.2009858936071396,
            0.2010519653558731,
            0.0778239518404007,
            0.5582283735275269,
            0.9005753993988037,
            0.5587378740310669,
            0.0,
            0.584150493144989,
            0.0468616709113121,
            0.6306554675102234,
            0.15158994495868684,
            0.15803903341293336,
            0.043817188590765,
            0.0,
            0.9731873869895935,
            0.8766335844993591,
            0.18872526288032533
        ],
        "fitness": 2382.0
    }
}