{
    "hardBot": {
        "genes": [
            0.8073145747184753,
            0.9474897980690002,
            0.44809043407440188,
            0.8655586838722229,
            0.6980201005935669,
            1.0,
            0.7640230655670166,
            0.8268213272094727,
            0.7512577772140503,
            0.20361284911632539,
            0.6440008282661438,
            0.7607507705688477,
            0.12596304714679719,
            0.2343868613243103,
            0.8603582382202148,
            0.25078150629997256,
            0.869549036026001,
            1.0,
            0.7362998723983765,
            0.0860791727900505,
            0.26352158188819888,
            0.6503555178642273,
            0.44607585668563845,
            0.3579580783843994,
            0.9951809048652649,
            0.4943416714668274,
            0.7272299528121948,
            0.17773602902889253,
            0.16715013980865479,
            0.677410364151001,
            0.7571133375167847,
            0.13309796154499055,
            0.15445081889629365,
            0.41513001918792727,
            1.0,
            0.5765705108642578,
            0.6110515594482422
        ],
        "fitness": 4764.0
    },
    "babylonBot": {
        "genes": [
            0.3004147410392761,
            1.0,
            0.2793901562690735,
            0.7445193529129028,
            0.23865900933742524,
            0.714959442615509,
            0.8894155621528626,
            0.9308097958564758,
            0.9432390928268433,
            0.2068518102169037,
            0.0720747783780098,
            0.1319558173418045,
            0.23486006259918214,
            0.8183436989784241,
            0.7800297737121582,
            0.31880152225494387,
            0.9836451411247253,
            0.8114529252052307,
            0.607508659362793,
            0.4405652582645416,
            0.2712387144565582,
            0.6558663845062256,
            0.6374244093894959,
            0.042747851461172107,
            0.6866752505302429,
            0.13828323781490327,
            0.28607630729675295,
            0.34551098942756655,
            0.22134223580360413,
            0.7406502962112427,
            0.052710115909576419,
            0.5007744431495667,
            0.3955076038837433,
            0.09014372527599335,
            0.9972981810569763,
            1.0,
            0.8324243426322937
        ],
        "fitness": 4152.0
    },
    "nileBot": {
        "genes": [
            0.2545786201953888,
            1.0,
            0.29254040122032168,
            0.7357964515686035,
            0.2843014895915985,
            0.7010756134986877,
            0.8843223452568054,
            0.9619429111480713,
            0.951139509677887,
            0.2068518102169037,
            0.9531860947608948,
            0.1768069863319397,
            0.22335608303546906,
            1.0,
            0.7800297737121582,
            0.13862977921962739,
            0.9473007321357727,
            0.8499826192855835,
            0.16689589619636537,
            0.34467658400535586,
            0.6173731088638306,
            0.902074933052063,
            0.5853181481361389,
            0.2162044495344162,
            0.6750516295433044,
            0.1606435775756836,
            0.286214143037796,
            0.34551098942756655,
            0.21531261503696443,
            0.6731737852096558,
            0.052710115909576419,
            0.4312978982925415,
            0.43243056535720827,
            0.07511122524738312,
            0.9972981810569763,
            1.0,
            0.7887564301490784
        ],
        "fitness": 3336.5
    },
    "summonerBot": {
        "genes": [
            0.1302097737789154,
            0.8350072503089905,
            0.31685757637023928,
            0.7938091158866882,
            0.2536703050136566,
            0.6605762839317322,
            0.8894155621528626,
            0.9308097958564758,
            0.9432390928268433,
            0.2068518102169037,
            0.0720747783780098,
            0.6120200157165527,
            0.7866631746292114,
            0.8899299502372742,
            0.9517471790313721,
            0.04117056354880333,
            0.6712435483932495,
            0.9795695543289185,
            0.16727206110954286,
            0.21174870431423188,
            0.7862977981567383,
            0.7755957245826721,
            0.761321485042572,
            0.2949398159980774,
            0.9396622180938721,
            0.3510845899581909,
            0.4760313630104065,
            0.0,
            0.3863352835178375,
            0.5975807905197144,
            0.2648896276950836,
            0.266204833984375,
            0.37690261006355288,
            0.19720925390720368,
            1.0,
            1.0,
            0.8508029580116272
        ],
        "fitness": 2741.5
    },
    "resilientBot": {
        "genes": [
            0.02008754201233387,
            1.0,
            0.3612816631793976,
            0.8738657236099243,
            1.0,
            1.0,
            0.9438769221305847,
            1.0,
            0.9960837364196777,
            0.0,
            1.0,
            1.0,
            0.22335608303546906,
            1.0,
            0.6312360763549805,
            0.5314642190933228,
            1.0,
            0.8485859632492065,
            0.4206840693950653,
            0.401899129152298,
            0.704353928565979,
            0.8479820489883423,
            0.4985620975494385,
            0.026853056624531747,
            0.6926933526992798,
            0.0,
            0.20220664143562318,
            0.34551098942756655,
            0.23004060983657838,
            0.6941360831260681,
            0.07946983724832535,
            0.4312978982925415,
            0.43243056535720827,
            0.21113653481006623,
            1.0,
            0.9511953592300415,
            0.853641927242279
        ],
        "fitness": 2557.5
    }
}