{
    "hardBot": {
        "genes": [
            0.04030730947852135,
            0.8633140921592712,
            0.4868333041667938,
            0.07477486878633499,
            0.2602536976337433,
            0.9257785677909851,
            0.35332125425338747,
            0.35971012711524966,
            1.0,
            0.0,
            0.7195587754249573,
            0.691896915435791,
            0.5942186117172241,
            0.6219420433044434,
            0.9369499087333679,
            0.903933584690094,
            0.9916642308235169,
            0.8818615078926086,
            0.47759199142456057,
            0.14373336732387544,
            0.36010536551475527,
            0.5003252029418945,
            0.452120304107666,
            0.03996792435646057,
            0.9396326541900635,
            0.20699270069599152,
            0.04668930172920227,
            0.1561286598443985,
            0.08249717205762863,
            0.6055639982223511,
            0.6924639344215393,
            0.743975818157196,
            0.3461781442165375,
            0.23012910783290864,
            0.5325549244880676,
            0.0,
            0.14348813891410829
        ],
        "fitness": 14400.376953125
    },
    "babylonBot": {
        "genes": [
            0.04030730947852135,
            0.9905446171760559,
            0.39247727394104006,
            0.12326516211032868,
            0.24147780239582063,
            0.9078959226608276,
            0.5582120418548584,
            0.35971012711524966,
            1.0,
            0.0,
            0.709929883480072,
            0.691896915435791,
            0.5780518651008606,
            0.059930749237537387,
            0.23384343087673188,
            0.6099697351455689,
            0.9415907859802246,
            0.8455836176872253,
            0.5593698620796204,
            0.01805104874074459,
            0.4021831452846527,
            0.4712445139884949,
            0.283410906791687,
            0.0211481936275959,
            0.740861177444458,
            0.12181232869625092,
            0.0747542530298233,
            0.036401405930519107,
            0.06672844290733338,
            0.40124934911727908,
            0.3592662811279297,
            0.9579423069953919,
            0.5594771504402161,
            0.0184442400932312,
            0.5259354710578919,
            0.0,
            0.12541663646697999
        ],
        "fitness": 11597.11328125
    },
    "nileBot": {
        "genes": [
            0.0,
            0.8633140921592712,
            0.4868333041667938,
            0.17677578330039979,
            0.8776393532752991,
            0.7608650922775269,
            0.11424871534109116,
            0.4011463522911072,
            0.7463802099227905,
            0.9827643036842346,
            0.7096152901649475,
            0.3229936957359314,
            0.17409218847751618,
            0.7919183969497681,
            0.9578543901443481,
            0.9065016508102417,
            0.265370637178421,
            0.5935619473457336,
            0.37915515899658205,
            0.3129422664642334,
            0.9463953971862793,
            0.19148972630500794,
            0.06510677933692932,
            0.3821212649345398,
            0.8865766525268555,
            0.17198434472084046,
            0.1070021241903305,
            0.12548857927322389,
            0.021807441487908365,
            0.6055639982223511,
            0.45346155762672427,
            0.8747719526290894,
            0.4910166263580322,
            0.23012910783290864,
            1.0,
            1.0,
            0.14348813891410829
        ],
        "fitness": 9169.1708984375
    },
    "summonerBot": {
        "genes": [
            0.28868037462234499,
            0.8511006236076355,
            0.6415290236473084,
            0.49113649129867556,
            0.188419908285141,
            0.7851088643074036,
            0.1796589195728302,
            0.09125461429357529,
            0.5449803471565247,
            0.8117781281471252,
            0.07022056728601456,
            0.21895496547222138,
            0.553312361240387,
            0.39431485533714297,
            0.4795449674129486,
            0.6861729025840759,
            0.04746827483177185,
            0.9395897388458252,
            0.46156036853790285,
            0.8414719700813294,
            0.440643310546875,
            0.09500735998153687,
            0.4188815653324127,
            0.7308028340339661,
            0.974731981754303,
            0.19698789715766908,
            0.014856780879199505,
            0.8264834880828857,
            0.29444384574890139,
            0.9070830941200256,
            0.1842193454504013,
            0.8912335634231567,
            0.9167999625205994,
            0.8053545951843262,
            0.12892022728919984,
            0.6286649703979492,
            0.5461254715919495
        ],
        "fitness": 7576.6640625
    },
    "resilientBot": {
        "genes": [
            0.0,
            0.8633140921592712,
            0.4868333041667938,
            0.03462861478328705,
            0.25899991393089297,
            1.0,
            0.5577257871627808,
            0.32434695959091189,
            1.0,
            0.0,
            0.6934750080108643,
            0.9471132755279541,
            0.5399107336997986,
            0.22106413543224336,
            0.7409527897834778,
            0.7719605565071106,
            0.15824879705905915,
            0.2882339656352997,
            0.47759199142456057,
            0.12685361504554749,
            0.35667845606803896,
            0.40505415201187136,
            0.452120304107666,
            0.1575811207294464,
            0.9859015345573425,
            0.20699270069599152,
            0.057476866990327838,
            0.0,
            0.22692613303661347,
            0.5323126316070557,
            0.45346155762672427,
            0.8747719526290894,
            0.4910166263580322,
            0.23012910783290864,
            1.0,
            1.0,
            0.14348813891410829
        ],
        "fitness": 7436.0908203125
    }
}