{
    "hardBot": {
        "genes": [
            0.39048662781715395,
            0.9342626929283142,
            0.8602088093757629,
            0.972855806350708,
            0.8245230913162231,
            1.0,
            0.940466582775116,
            0.0,
            0.8036324977874756,
            0.5159010291099548,
            0.5170015692710877,
            0.4578092694282532,
            0.588859498500824,
            0.13244758546352387,
            0.7653851509094238,
            0.8371825218200684,
            0.5565629005432129,
            1.0,
            0.30137667059898379,
            0.23739801347255708,
            0.1292504519224167,
            1.0,
            0.1926393210887909,
            0.2722626030445099,
            0.839535117149353,
            0.37350356578826907,
            0.0,
            0.21116314828395844,
            0.4475858211517334,
            0.01382281444966793,
            0.18226146697998048,
            1.0,
            0.8469070792198181,
            0.9236631393432617,
            0.9464731216430664,
            0.3124177157878876,
            0.0
        ],
        "fitness": 14381.9091796875
    },
    "babylonBot": {
        "genes": [
            0.48401084542274477,
            0.9509984254837036,
            0.9674938917160034,
            0.2970559298992157,
            0.08782034367322922,
            0.6977500915527344,
            0.9910416603088379,
            0.3451814353466034,
            0.7379865050315857,
            0.27541980147361758,
            0.6982131004333496,
            0.7987600564956665,
            0.6491994857788086,
            0.7592096924781799,
            1.0,
            0.7824335098266602,
            0.4872701168060303,
            0.7440573573112488,
            0.639481246471405,
            0.1956234872341156,
            0.18049266934394837,
            0.009016514755785466,
            0.23693452775478364,
            0.13203732669353486,
            1.0,
            0.32496076822280886,
            0.6953458786010742,
            0.5470364689826965,
            0.5214651226997376,
            0.3571527600288391,
            0.0,
            0.24029961228370667,
            0.4431028366088867,
            0.10939270257949829,
            0.18787817656993867,
            0.5290572047233582,
            0.260879784822464
        ],
        "fitness": 12303.654296875
    },
    "nileBot": {
        "genes": [
            0.517874538898468,
            0.701377272605896,
            0.8585171103477478,
            0.20095345377922059,
            0.03332978114485741,
            0.9652951955795288,
            1.0,
            0.4454902410507202,
            0.7156001329421997,
            0.0,
            0.3673889935016632,
            0.9871965050697327,
            0.42722442746162417,
            0.42800605297088625,
            0.8120580315589905,
            0.5843238234519959,
            0.7711514830589294,
            0.420608788728714,
            0.14339660108089448,
            0.24265654385089875,
            0.5893087387084961,
            0.23151060938835145,
            0.23693452775478364,
            0.1224462240934372,
            1.0,
            0.014532738365232945,
            0.41146957874298098,
            0.20244701206684113,
            0.010015667416155339,
            0.26751843094825747,
            0.9748149514198303,
            0.9339829087257385,
            0.46899867057800295,
            0.6844788789749146,
            0.9517031908035278,
            0.17725282907485963,
            0.08473365753889084
        ],
        "fitness": 11612.4921875
    },
    "summonerBot": {
        "genes": [
            0.3237915635108948,
            0.39544960856437685,
            0.2791670262813568,
            0.7150011658668518,
            0.9658596515655518,
            0.3037814497947693,
            0.31579670310020449,
            0.6986005902290344,
            0.9858219623565674,
            0.11515160650014878,
            0.9765923023223877,
            0.07249347865581513,
            0.8093052506446838,
            0.6989133954048157,
            0.9866421818733215,
            0.5978007912635803,
            0.259438157081604,
            0.5335732102394104,
            0.8188164830207825,
            0.4035520851612091,
            0.953141987323761,
            0.8306704759597778,
            0.913142740726471,
            0.9978222250938416,
            0.8945937752723694,
            0.5930300951004028,
            0.7556264400482178,
            0.8621388077735901,
            0.3580818474292755,
            0.155469611287117,
            0.737800121307373,
            0.30374810099601748,
            0.5674281716346741,
            0.008860153146088124,
            0.9520980715751648,
            0.25594642758369448,
            0.15209922194480897
        ],
        "fitness": 5739.154296875
    },
    "resilientBot": {
        "genes": [
            0.1362556517124176,
            1.0,
            0.13869254291057588,
            1.0,
            0.8436086773872376,
            0.9522257447242737,
            0.940466582775116,
            0.836313009262085,
            0.09289471805095673,
            0.11488692462444306,
            0.8925081491470337,
            0.9876335859298706,
            0.42722442746162417,
            0.41933473944664,
            0.5992089509963989,
            0.7561830878257752,
            0.8809369802474976,
            0.004828667268157005,
            0.6737431883811951,
            0.17659780383110047,
            0.7938652038574219,
            0.5843589305877686,
            0.5582233667373657,
            0.5214350819587708,
            0.6928602457046509,
            0.1787448227405548,
            0.7458295822143555,
            0.0,
            0.7811355590820313,
            0.4294556677341461,
            0.6068676710128784,
            0.37708187103271487,
            0.262270987033844,
            0.199842631816864,
            0.5970931649208069,
            0.3030105531215668,
            0.3290286660194397
        ],
        "fitness": 5554.8837890625
    }
}