{
    "easyBot": {
        "genes": [
            0.6839090585708618,
            0.53357994556427,
            0.2851025462150574,
            0.0990564152598381,
            0.38314172625541689,
            0.07360512018203736,
            0.2475193440914154,
            0.9232534170150757,
            0.12261450290679932,
            1.0,
            0.6064527034759522,
            0.2366696447134018,
            0.5395631790161133,
            0.9580758213996887,
            0.18050310015678407,
            1.0,
            0.13889430463314057,
            0.5453823804855347,
            0.222104012966156,
            0.7616954445838928,
            0.08315692096948624,
            0.09583454579114914,
            0.04231428727507591,
            0.2790466547012329,
            1.0,
            0.4320164918899536,
            0.9707492589950562,
            0.23353970050811768,
            0.0,
            0.6307653784751892,
            0.3222882151603699,
            0.7031810879707336
        ],
        "fitness": 120.0
    },
    "mediumBot": {
        "genes": [
            0.9783050417900086,
            0.3962177336215973,
            0.07651658356189728,
            0.042538080364465716,
            0.1632421910762787,
            0.0,
            0.41563886404037478,
            1.0,
            0.24949318170547486,
            0.22126343846321107,
            0.7482307553291321,
            0.03802143782377243,
            0.33162927627563479,
            0.8414849638938904,
            0.051515161991119388,
            0.418780654668808,
            0.07083837687969208,
            0.3187900185585022,
            0.1488860845565796,
            0.5138152837753296,
            0.19449394941329957,
            0.9312705397605896,
            0.0981200784444809,
            0.11693529784679413,
            0.9063951373100281,
            0.39774325489997866,
            1.0,
            0.15362167358398438,
            0.0,
            0.5183071494102478,
            0.2043083757162094,
            0.7378987669944763
        ],
        "fitness": 130.0
    },
    "hardBot": {
        "genes": [
            0.7821102142333984,
            0.4907520115375519,
            0.0,
            0.3363862633705139,
            0.16561788320541383,
            0.1947813481092453,
            0.4378581643104553,
            1.0,
            0.33420446515083315,
            0.36509761214256289,
            0.9284790754318237,
            0.09049700200557709,
            0.16877533495426179,
            0.45370525121688845,
            0.1702016144990921,
            0.16679009795188905,
            0.024753272533416749,
            0.41547369956970217,
            0.0,
            0.6497915983200073,
            0.24300545454025269,
            1.0,
            0.072175994515419,
            0.1783323734998703,
            0.9486438632011414,
            0.4304911494255066,
            0.10993246734142304,
            0.022455452010035516,
            0.03112662024796009,
            0.8902150392532349,
            0.4457903206348419,
            1.0
        ],
        "fitness": 130.0
    }
}